gene	start	end	length	strand	gc_content	genetic_code	rbs_motif	marker	evalue	bitscore	uscg	taxid	taxname	annotation_accessions	annotation_description
CP133956.1|provirus_167251_213957_147	167251	167766	516	1	0.386	11	GGxGG	NA	NA	NA	0	0	0	1	NA	NA	NA	NA	NA
CP133956.1|provirus_167251_213957_148	167790	168593	804	1	0.405	11	None	GENOMAD.224170.VP	0.0004032	44	0	0	0	1	NA	NA	NA	NA	NA
CP133956.1|provirus_167251_213957_149	168618	168905	288	-1	0.219	11	GGA/GAG/AGG	NA	NA	NA	0	0	0	1	NA	NA	NA	NA	NA
CP133956.1|provirus_167251_213957_150	169099	169959	861	-1	0.272	11	AGGAG	GENOMAD.151855.PC	9.318e-10	62	0	0	0	1	NA	NA	NA	PF08667;K20375;TIGR01716;COG3620	transcriptional activator, Rgg/GadR/MutR family, C-terminal domain
CP133956.1|provirus_167251_213957_151	170234	171373	1140	-1	0.388	11	GGAG/GAGG	GENOMAD.111131.VV	7.217e-08	57	0	0	0	2561	Caudoviricetes	NA	NA	NA	NA
CP133956.1|provirus_167251_213957_152	171501	171767	267	-1	0.348	11	AGGAG	GENOMAD.154436.VV	5.721e-43	151	0	0	0	2561	Caudoviricetes	NA	NA	PF13783	NA
CP133956.1|provirus_167251_213957_153	171779	172165	387	-1	0.307	11	GGA/GAG/AGG	GENOMAD.021015.VV	6.082e-29	113	0	0	0	2561	Caudoviricetes	NA	NA	PF20573;COG2856	Putative metallopeptidase family (DUF6782)
CP133956.1|provirus_167251_213957_154	172168	172518	351	-1	0.353	11	GGA/GAG/AGG	NA	NA	NA	0	0	0	1	NA	NA	NA	NA	NA
CP133956.1|provirus_167251_213957_155	172814	173059	246	1	0.341	11	AGGAG	GENOMAD.124236.VV	1.111e-40	144	0	0	0	2561	Caudoviricetes	NA	NA	NA	NA
CP133956.1|provirus_167251_213957_156	173010	173798	789	-1	0.347	11	GGAG/GAGG	NA	NA	NA	0	0	0	1	NA	NA	NA	NA	NA
CP133956.1|provirus_167251_213957_157	173849	174040	192	1	0.401	11	AGGAG	GENOMAD.057124.VV	3.086e-22	90	0	0	0	2561	Caudoviricetes	NA	NA	NA	NA
CP133956.1|provirus_167251_213957_158	174122	174433	312	1	0.381	11	GGAGG	GENOMAD.050216.VV	2.606e-58	196	0	0	0	2561	Caudoviricetes	NA	NA	NA	NA
CP133956.1|provirus_167251_213957_159	174435	174605	171	1	0.322	11	AGGAG	GENOMAD.105558.VV	2.791e-27	104	0	0	0	2561	Caudoviricetes	NA	NA	NA	NA
CP133956.1|provirus_167251_213957_160	174598	174801	204	1	0.358	11	AGGA/GGAG/GAGG	GENOMAD.163272.VV	1.034e-34	126	0	0	0	1	NA	NA	NA	COG2137	NA
CP133956.1|provirus_167251_213957_161	174798	175184	387	1	0.351	11	AGGAGG	GENOMAD.085068.VV	3.566e-67	223	0	0	0	2561	Caudoviricetes	NA	NA	NA	NA
CP133956.1|provirus_167251_213957_162	175181	175330	150	1	0.360	11	None	GENOMAD.172701.VV	2.696e-24	95	0	0	0	1	NA	NA	NA	NA	NA
CP133956.1|provirus_167251_213957_163	175327	175530	204	1	0.402	11	AGGAG	GENOMAD.138550.VV	3.753e-37	133	0	0	0	1	NA	NA	NA	NA	NA
CP133956.1|provirus_167251_213957_164	175618	175917	300	1	0.403	11	GGA/GAG/AGG	GENOMAD.072865.VV	1.467e-38	139	0	0	0	2561	Caudoviricetes	NA	NA	NA	NA
CP133956.1|provirus_167251_213957_165	175917	177074	1158	1	0.420	11	GGAGG	GENOMAD.049437.VV	1.29e-39	155	0	0	0	2561	Caudoviricetes	NA	NA	PF10926;COG2887;TIGR01896;K07465	RecB family exonuclease
CP133956.1|provirus_167251_213957_166	177089	177646	558	1	0.435	11	AGGAG/GGAGG	GENOMAD.039702.VV	3.329e-35	134	0	0	0	2561	Caudoviricetes	NA	NA	PF10991	NA
CP133956.1|provirus_167251_213957_167	177689	179611	1923	1	0.444	11	AGGA	GENOMAD.038590.VV	9.516e-132	436	0	0	0	2561	Caudoviricetes	NA	NA	PF00476;PF13482;K02334;COG0749;TIGR01388	DNA polymerase I - 3'-5' exonuclease and polymerase domains
CP133956.1|provirus_167251_213957_168	179616	182000	2385	1	0.433	11	AGGA	GENOMAD.147308.VP	3.364e-86	307	0	0	0	2561	Caudoviricetes	NA	NA	PF08800;COG5545	Predicted P-loop ATPase and inactivated derivatives
CP133956.1|provirus_167251_213957_169	182387	182662	276	1	0.413	11	AGGAG	GENOMAD.068673.VV	2.651e-21	89	0	0	0	2561	Caudoviricetes	NA	NA	PF18743;COG1591	REase_AHJR-like
CP133956.1|provirus_167251_213957_170	182659	183981	1323	1	0.416	11	GGAG/GAGG	GENOMAD.116250.VP	4.66e-43	167	0	0	0	2561	Caudoviricetes	NA	NA	PF00270;COG1111;TIGR04095;K17677	ERCC4-related helicase
CP133956.1|provirus_167251_213957_171	183982	184170	189	1	0.360	11	GGA/GAG/AGG	NA	NA	NA	0	0	0	1	NA	NA	NA	NA	NA
CP133956.1|provirus_167251_213957_172	184151	184378	228	1	0.338	11	GGAG/GAGG	GENOMAD.158882.VV	6.042e-44	153	0	0	0	2561	Caudoviricetes	NA	NA	NA	NA
CP133956.1|provirus_167251_213957_173	184403	184588	186	1	0.344	11	GGAG/GAGG	GENOMAD.153969.VV	2.105e-32	119	0	0	0	1	NA	NA	NA	NA	NA
CP133956.1|provirus_167251_213957_174	184585	184878	294	1	0.401	11	GGAG/GAGG	GENOMAD.137046.VV	1.943e-58	196	0	0	0	1	NA	NA	NA	NA	NA
CP133956.1|provirus_167251_213957_175	184875	185591	717	1	0.371	11	AGGAG	GENOMAD.085344.VV	4.264e-23	101	0	0	0	2561	Caudoviricetes	NA	NA	PF07852	NA
CP133956.1|provirus_167251_213957_176	185588	186004	417	1	0.360	11	GGAG/GAGG	GENOMAD.145374.VP	8.637e-71	234	0	0	0	2561	Caudoviricetes	NA	NA	PF05263;TIGR01636;COG2739	phage transcriptional activator, RinA family
CP133956.1|provirus_167251_213957_177	186115	186546	432	1	0.414	11	GGAGG	GENOMAD.026460.VV	4.409e-22	94	0	0	1	2561	Caudoviricetes	NA	NA	PF03592;COG3728;K07474	Phage terminase, small subunit
CP133956.1|provirus_167251_213957_178	186536	187813	1278	1	0.363	11	GGA/GAG/AGG	GENOMAD.168146.VP	3.144e-46	176	0	0	1	2561	Caudoviricetes	NA	NA	PF17288;PF04466;K06909;TIGR01547;COG1783	phage terminase, large subunit, PBSX family
CP133956.1|provirus_167251_213957_179	187829	189361	1533	1	0.372	11	GGAG/GAGG	GENOMAD.003239.VV	8.961e-182	575	0	0	1	2561	Caudoviricetes	NA	NA	PF05133;TIGR01538	phage portal protein, SPP1 family
CP133956.1|provirus_167251_213957_180	189327	190769	1443	1	0.358	11	GGA/GAG/AGG	GENOMAD.032478.VV	3.839e-34	141	0	0	0	2561	Caudoviricetes	NA	NA	PF18451	Contact-dependent growth inhibition CdiA C-terminal domain
CP133956.1|provirus_167251_213957_181	190869	190985	117	1	0.342	11	AGGAGG	GENOMAD.155017.VV	8.298e-16	70	0	0	0	1	NA	NA	NA	NA	NA
CP133956.1|provirus_167251_213957_182	190990	191247	258	1	0.372	11	AGxAGG/AGGxGG	GENOMAD.076597.VV	2.214e-43	152	0	0	0	2561	Caudoviricetes	NA	NA	NA	NA
CP133956.1|provirus_167251_213957_183	191424	191993	570	1	0.419	11	AGGAG	GENOMAD.081853.VV	3.057e-90	293	0	0	0	2561	Caudoviricetes	NA	NA	PF14265	NA
CP133956.1|provirus_167251_213957_184	192006	192893	888	1	0.400	11	GGAG/GAGG	GENOMAD.004411.VV	1.48e-58	207	0	0	0	2561	Caudoviricetes	NA	NA	NA	NA
CP133956.1|provirus_167251_213957_185	192905	193261	357	1	0.378	11	GGA/GAG/AGG	GENOMAD.017099.VV	7.937e-38	138	0	0	0	2561	Caudoviricetes	NA	NA	PF11436	Phage gp6-like head-tail connector protein
CP133956.1|provirus_167251_213957_186	193272	193550	279	1	0.358	11	AGGAG	GENOMAD.066301.VV	1.399e-43	153	0	0	0	2561	Caudoviricetes	NA	NA	NA	NA
CP133956.1|provirus_167251_213957_187	193547	193891	345	1	0.412	11	None	GENOMAD.064522.VV	4.423e-50	173	0	0	1	2561	Caudoviricetes	NA	NA	PF11114;TIGR01725;COG5005	phage protein, HK97 gp10 family
CP133956.1|provirus_167251_213957_188	193895	194254	360	1	0.339	11	GGAG/GAGG	GENOMAD.070785.VV	9.259e-53	181	0	0	1	2561	Caudoviricetes	NA	NA	PF16807	NA
CP133956.1|provirus_167251_213957_189	194266	194865	600	1	0.398	11	GGA/GAG/AGG	GENOMAD.046838.VV	8.329e-67	226	0	0	1	2561	Caudoviricetes	NA	NA	TIGR02126;COG5437	phage major tail protein, TP901-1 family
CP133956.1|provirus_167251_213957_190	194919	195374	456	1	0.368	11	AGGAG	GENOMAD.065271.VV	1.082e-74	246	0	0	1	2561	Caudoviricetes	NA	NA	PF12363	Phage tail assembly chaperone protein, TAC
CP133956.1|provirus_167251_213957_191	195449	195682	234	1	0.372	11	GGAG/GAGG	GENOMAD.074177.VV	1.372e-21	89	0	0	0	2561	Caudoviricetes	NA	NA	NA	NA
CP133956.1|provirus_167251_213957_192	195697	200079	4383	1	0.431	11	AGGAGG	GENOMAD.091904.VV	7.75e-166	566	0	0	0	2561	Caudoviricetes	NA	NA	NA	NA
CP133956.1|provirus_167251_213957_193	200091	200933	843	1	0.382	11	AGxAGG/AGGxGG	GENOMAD.054793.VV	1.343e-135	429	0	0	0	2561	Caudoviricetes	NA	NA	COG4722;TIGR01633	Phage-related protein
CP133956.1|provirus_167251_213957_194	200943	202925	1983	1	0.401	11	GGAG/GAGG	GENOMAD.049306.VV	3.704e-133	441	0	0	0	2561	Caudoviricetes	NA	NA	COG4926	Phage-related protein
CP133956.1|provirus_167251_213957_195	202925	204043	1119	1	0.414	11	GGAGG	GENOMAD.093524.VV	1.18e-128	414	0	0	0	2561	Caudoviricetes	NA	NA	PF07212	Hyaluronidase protein (HylP)
CP133956.1|provirus_167251_213957_196	204058	205944	1887	1	0.454	11	AGGAG	GENOMAD.033709.VV	0.0	1092	0	0	0	2561	Caudoviricetes	NA	NA	PF07902	gp58-like protein
CP133956.1|provirus_167251_213957_197	205956	206393	438	1	0.377	11	AGGAG	GENOMAD.073534.VV	5.02e-80	261	0	0	0	2561	Caudoviricetes	NA	NA	PF07761	NA
CP133956.1|provirus_167251_213957_198	206390	207001	612	1	0.428	11	AGGAG	GENOMAD.024672.VV	8.403e-120	379	0	0	0	2561	Caudoviricetes	NA	NA	PF07104	NA
CP133956.1|provirus_167251_213957_199	207013	207285	273	1	0.374	11	GGAG/GAGG	GENOMAD.039653.VV	8.307e-10	56	0	0	0	2561	Caudoviricetes	NA	NA	NA	NA
CP133956.1|provirus_167251_213957_200	207282	207509	228	1	0.395	11	GGAG/GAGG	GENOMAD.126098.VV	2.718e-14	68	0	0	0	2561	Caudoviricetes	NA	NA	COG5546	NA
CP133956.1|provirus_167251_213957_201	207518	207625	108	1	0.361	11	AGGAG	GENOMAD.102275.VV	6.443e-10	53	0	0	0	2561	Caudoviricetes	NA	NA	NA	NA
CP133956.1|provirus_167251_213957_202	207626	208960	1335	1	0.384	11	AGGAGG	GENOMAD.006162.VV	6.011e-104	346	0	0	0	2561	Caudoviricetes	NA	NA	K07273;COG3757	Lyzozyme M1 (1,4-beta-N-acetylmuramidase), GH25 family
CP133956.1|provirus_167251_213957_203	209132	209911	780	1	0.292	11	GGA/GAG/AGG	GENOMAD.223611.VP	2.185e-128	407	0	0	0	2561	Caudoviricetes	NA	NA	PF02876;PF01123;K11040	Staphylococcal/Streptococcal toxin, beta-grasp domain; Staphylococcal/Streptococcal toxin, OB-fold domain
CP133956.1|provirus_167251_213957_204	209937	210647	711	1	0.297	11	AGGAG	GENOMAD.224010.VP	3.73e-48	174	0	0	0	1	NA	NA	NA	PF02876	Staphylococcal/Streptococcal toxin, beta-grasp domain
CP133956.1|provirus_167251_213957_205	210900	211505	606	-1	0.309	11	GGA/GAG/AGG	NA	NA	NA	0	0	0	1	NA	NA	NA	NA	NA
CP133956.1|provirus_167251_213957_206	212085	213356	1272	-1	0.464	11	GGAGG	GENOMAD.170281.VV	5.283e-05	48	0	0	0	1	NA	NA	NA	PF00308;TIGR00678;COG2256;K04800	DNA polymerase III, delta' subunit
CP133956.1|provirus_167251_213957_207	213349	213957	609	-1	0.461	11	GGA/GAG/AGG	NA	NA	NA	0	0	0	1	NA	NA	NA	NA	NA
CP133956.1|provirus_955770_1007360_883	955770	956858	1089	-1	0.349	11	GGAG/GAGG	NA	NA	NA	0	0	0	1	NA	NA	NA	NA	NA
CP133956.1|provirus_955770_1007360_884	956980	957285	306	-1	0.310	11	GGAG/GAGG	NA	NA	NA	0	0	0	1	NA	NA	NA	NA	NA
CP133956.1|provirus_955770_1007360_885	957295	958083	789	-1	0.370	11	AGGA	GENOMAD.108504.VP	1.766e-13	73	0	0	0	2561	Caudoviricetes	NA	NA	PF05866;PF00717;COG4570;TIGR02754	Endodeoxyribonuclease RusA; Peptidase S24-like
CP133956.1|provirus_955770_1007360_886	958276	958410	135	1	0.407	11	AGGAG	NA	NA	NA	0	0	0	1	NA	NA	NA	NA	NA
CP133956.1|provirus_955770_1007360_887	958368	959051	684	-1	0.401	11	GGAG/GAGG	NA	NA	NA	0	0	0	1	NA	NA	NA	NA	NA
CP133956.1|provirus_955770_1007360_888	959108	959338	231	1	0.320	11	AGGAGG	NA	NA	NA	0	0	0	1	NA	NA	NA	NA	NA
CP133956.1|provirus_955770_1007360_889	959349	959480	132	1	0.318	11	GGA/GAG/AGG	GENOMAD.114759.VV	3.436e-19	80	0	0	0	2561	Caudoviricetes	NA	NA	NA	NA
CP133956.1|provirus_955770_1007360_890	959477	959659	183	-1	0.317	11	GGAGG	NA	NA	NA	0	0	0	1	NA	NA	NA	NA	NA
CP133956.1|provirus_955770_1007360_891	959766	960056	291	1	0.402	11	GGAG/GAGG	GENOMAD.064542.VV	6.818e-53	180	0	0	1	2561	Caudoviricetes	NA	NA	PF07471;COG3311;TIGR02054	Predicted DNA-binding transcriptional regulator AlpA
CP133956.1|provirus_955770_1007360_892	960058	960201	144	1	0.340	11	AGGAG	GENOMAD.129654.VV	1.196e-16	73	0	0	0	2561	Caudoviricetes	NA	NA	NA	NA
CP133956.1|provirus_955770_1007360_893	960182	960358	177	1	0.322	11	GGAG/GAGG	GENOMAD.108243.VV	1.339e-20	85	0	0	0	2561	Caudoviricetes	NA	NA	NA	NA
CP133956.1|provirus_955770_1007360_894	960360	960602	243	1	0.321	11	GGA/GAG/AGG	NA	NA	NA	0	0	0	1	NA	NA	NA	NA	NA
CP133956.1|provirus_955770_1007360_895	960589	961872	1284	1	0.390	11	GGAG/GAGG	GENOMAD.010825.VV	1.048e-202	631	0	0	0	2561	Caudoviricetes	NA	NA	PF13175;TIGR00634;COG4717;K03546	DNA repair protein RecN
CP133956.1|provirus_955770_1007360_896	961888	962967	1080	1	0.436	11	AGGAG	GENOMAD.141036.VV	2.747e-71	247	0	0	1	2561	Caudoviricetes	NA	NA	PF13479;TIGR01618;K04484;COG0468	phage nucleotide-binding protein
CP133956.1|provirus_955770_1007360_897	963007	963429	423	1	0.366	11	AGGA/GGAG/GAGG	GENOMAD.092954.VV	2.573e-35	132	0	0	0	2561	Caudoviricetes	NA	NA	NA	NA
CP133956.1|provirus_955770_1007360_898	963431	964165	735	1	0.344	11	AGxAGG/AGGxGG	GENOMAD.014438.VV	1.954e-50	181	0	0	0	2561	Caudoviricetes	NA	NA	NA	NA
CP133956.1|provirus_955770_1007360_899	964186	964788	603	1	0.343	11	AGGAG	GENOMAD.005320.VV	9.39e-29	116	0	0	0	2561	Caudoviricetes	NA	NA	PF05037	NA
CP133956.1|provirus_955770_1007360_900	964788	966371	1584	1	0.420	11	GGAGG	GENOMAD.030980.VV	1.795e-05	50	0	0	0	2561	Caudoviricetes	NA	NA	PF04851;PF17338;K17677;TIGR00614;COG1061	Type III restriction enzyme, res subunit; Gene product 88
CP133956.1|provirus_955770_1007360_901	966384	968657	2274	1	0.405	11	GGA/GAG/AGG	GENOMAD.168744.VP	1.461e-84	301	0	0	0	2561	Caudoviricetes	NA	NA	K07505	NA
CP133956.1|provirus_955770_1007360_902	968935	969153	219	1	0.288	11	GGAG/GAGG	GENOMAD.004447.VV	3.336e-11	59	0	0	0	2561	Caudoviricetes	NA	NA	NA	NA
CP133956.1|provirus_955770_1007360_903	969146	969541	396	1	0.419	11	GGA/GAG/AGG	GENOMAD.028440.VV	9.159e-67	222	0	0	0	2561	Caudoviricetes	NA	NA	PF05866;COG4570;K01160	Holliday junction resolvase RusA (prophage-encoded endonuclease)
CP133956.1|provirus_955770_1007360_904	969538	969762	225	1	0.333	11	AGxAGG/AGGxGG	GENOMAD.053518.VV	1.749e-40	143	0	0	0	2561	Caudoviricetes	NA	NA	NA	NA
CP133956.1|provirus_955770_1007360_905	969765	969950	186	1	0.382	11	AGxAG	GENOMAD.100776.VV	3.478e-13	64	0	0	0	2561	Caudoviricetes	NA	NA	NA	NA
CP133956.1|provirus_955770_1007360_906	969947	970069	123	1	0.439	11	AGGAG	NA	NA	NA	0	0	0	1	NA	NA	NA	NA	NA
CP133956.1|provirus_955770_1007360_907	970062	970289	228	1	0.452	11	GGAGG	GENOMAD.072347.VV	9.695e-17	75	0	0	0	2561	Caudoviricetes	NA	NA	TIGR02209	NA
CP133956.1|provirus_955770_1007360_908	970293	970634	342	1	0.304	11	GGAGG	NA	NA	NA	0	0	0	1	NA	NA	NA	NA	NA
CP133956.1|provirus_955770_1007360_909	970636	971388	753	1	0.369	11	GGAGG	GENOMAD.130428.VP	3.935e-73	247	0	0	0	2561	Caudoviricetes	NA	NA	NA	NA
CP133956.1|provirus_955770_1007360_910	971385	971600	216	1	0.370	11	GGAG/GAGG	GENOMAD.003647.VV	2.861e-19	82	0	0	0	2561	Caudoviricetes	NA	NA	NA	NA
CP133956.1|provirus_955770_1007360_911	971674	972111	438	1	0.400	11	GGAG/GAGG	GENOMAD.024790.VV	1.441e-06	49	0	0	0	2561	Caudoviricetes	NA	NA	PF07374;TIGR01636;COG2739	phage transcriptional activator, RinA family
CP133956.1|provirus_955770_1007360_912	972696	973073	378	-1	0.381	11	AGGAG	NA	NA	NA	0	0	0	1	NA	NA	NA	NA	NA
CP133956.1|provirus_955770_1007360_913	973125	973310	186	-1	0.387	11	GGAG/GAGG	GENOMAD.225827.VP	4.168e-05	41	0	0	0	1	NA	NA	NA	PF07927;K07339;COG1724	Predicted RNA binding protein YcfA, dsRBD-like fold, HicA-like mRNA interferase family
CP133956.1|provirus_955770_1007360_914	973426	973761	336	1	0.387	11	GGAGG	GENOMAD.216352.VP	7.8e-11	60	0	0	0	2561	Caudoviricetes	NA	NA	PF13395;TIGR02646	TIGR02646 family protein
CP133956.1|provirus_955770_1007360_915	973924	974391	468	1	0.363	11	AGGAG	GENOMAD.170681.VP	3.761e-63	213	0	0	1	2561	Caudoviricetes	NA	NA	PF05119;COG3747;TIGR01558	Phage terminase, small subunit
CP133956.1|provirus_955770_1007360_916	974406	976160	1755	1	0.382	11	GGA/GAG/AGG	GENOMAD.010406.VV	2.387e-95	327	0	0	1	2561	Caudoviricetes	NA	NA	PF20441;PF05037	Terminase large subunit, endonuclease domain
CP133956.1|provirus_955770_1007360_917	976157	976327	171	1	0.287	11	AGGAGG	NA	NA	NA	0	0	0	1	NA	NA	NA	NA	NA
CP133956.1|provirus_955770_1007360_918	976320	976586	267	1	0.393	11	AGGAGG	GENOMAD.076597.VV	9.379e-46	159	0	0	0	2561	Caudoviricetes	NA	NA	NA	NA
CP133956.1|provirus_955770_1007360_919	976620	977840	1221	1	0.389	11	AGGAGG	GENOMAD.014494.VV	1.376e-143	459	0	0	1	2561	Caudoviricetes	NA	NA	PF04860;TIGR01537;COG4695	phage portal protein, HK97 family
CP133956.1|provirus_955770_1007360_920	977818	978483	666	1	0.381	11	AGGAGG	NA	NA	NA	0	0	0	1	NA	NA	NA	NA	NA
CP133956.1|provirus_955770_1007360_921	978508	979695	1188	1	0.375	11	GGAGG	GENOMAD.012613.VV	7.842e-86	291	0	0	1	2561	Caudoviricetes	NA	NA	PF05065;TIGR01554;COG4653	phage major capsid protein, HK97 family
CP133956.1|provirus_955770_1007360_922	979840	980142	303	1	0.363	11	GGAG/GAGG	GENOMAD.053561.VV	2.043e-51	176	0	0	1	2561	Caudoviricetes	NA	NA	PF05135;TIGR01560	Phage gp6-like head-tail connector protein
CP133956.1|provirus_955770_1007360_923	980139	980486	348	1	0.356	11	GGAG/GAGG	GENOMAD.059487.VV	3.104e-38	139	0	0	1	2561	Caudoviricetes	NA	NA	PF05521;COG5614;TIGR01563	Bacteriophage head-tail adaptor
CP133956.1|provirus_955770_1007360_924	980483	980860	378	1	0.405	11	GGAG/GAGG	GENOMAD.014494.VV	6.029e-44	156	0	0	1	2561	Caudoviricetes	NA	NA	PF04860;TIGR01537;COG4695	phage portal protein, HK97 family
CP133956.1|provirus_955770_1007360_925	980857	981282	426	1	0.357	11	AGGAGG	GENOMAD.066319.VV	1.236e-76	251	0	0	0	2561	Caudoviricetes	NA	NA	PF05657	NA
CP133956.1|provirus_955770_1007360_926	981298	981888	591	1	0.393	11	GGAG/GAGG	GENOMAD.021162.VV	1.078e-96	312	0	0	1	2561	Caudoviricetes	NA	NA	PF04630;TIGR01603	phage major tail protein, phi13 family
CP133956.1|provirus_955770_1007360_927	981940	982266	327	1	0.358	11	AGGAG	GENOMAD.073635.VV	4.485e-55	187	0	0	0	2561	Caudoviricetes	NA	NA	NA	NA
CP133956.1|provirus_955770_1007360_928	982314	982463	150	1	0.347	11	GGA/GAG/AGG	GENOMAD.099824.VV	1.683e-21	87	0	0	0	2561	Caudoviricetes	NA	NA	NA	NA
CP133956.1|provirus_955770_1007360_929	982476	986135	3660	1	0.414	11	AGGAG	GENOMAD.010955.VV	1.762e-211	694	0	0	0	2561	Caudoviricetes	NA	NA	COG4926	Phage-related protein
CP133956.1|provirus_955770_1007360_930	986135	986842	708	1	0.398	11	GGAGG	GENOMAD.006390.VV	6.589e-78	260	0	0	0	2561	Caudoviricetes	NA	NA	PF20195;COG4722;TIGR01633	Phage-related protein
CP133956.1|provirus_955770_1007360_931	986839	988983	2145	1	0.431	11	GGxGG	GENOMAD.049306.VV	1.548e-305	944	0	0	0	2561	Caudoviricetes	NA	NA	COG4926	Phage-related protein
CP133956.1|provirus_955770_1007360_932	988980	990092	1113	1	0.411	11	GGAGG	GENOMAD.093524.VV	1.74e-113	370	0	0	0	2561	Caudoviricetes	NA	NA	PF07212	Hyaluronidase protein (HylP)
CP133956.1|provirus_955770_1007360_933	990102	991985	1884	1	0.462	11	AGGAG	GENOMAD.033709.VV	0.0	1049	0	0	0	2561	Caudoviricetes	NA	NA	PF07902	gp58-like protein
CP133956.1|provirus_955770_1007360_934	991994	992425	432	1	0.400	11	AGGAG	GENOMAD.073534.VV	2.209e-71	236	0	0	0	2561	Caudoviricetes	NA	NA	PF07761	NA
CP133956.1|provirus_955770_1007360_935	992428	993039	612	1	0.435	11	AGGAG	GENOMAD.024672.VV	2.162e-109	349	0	0	0	2561	Caudoviricetes	NA	NA	PF07104	NA
CP133956.1|provirus_955770_1007360_936	993051	993422	372	1	0.352	11	GGAG/GAGG	GENOMAD.213970.VP	2.987e-34	128	0	0	0	2561	Caudoviricetes	NA	NA	PF05105;TIGR01593;COG4824	toxin secretion/phage lysis holin
CP133956.1|provirus_955770_1007360_937	993432	993542	111	1	0.387	11	AGGAGG	GENOMAD.102275.VV	6.812e-10	53	0	0	0	2561	Caudoviricetes	NA	NA	NA	NA
CP133956.1|provirus_955770_1007360_938	993539	994750	1212	1	0.448	11	AGGAG	GENOMAD.133734.VP	1.93e-42	164	0	0	0	2561	Caudoviricetes	NA	NA	NA	NA
CP133956.1|provirus_955770_1007360_939	995131	995706	576	1	0.349	11	GGAG/GAGG	GENOMAD.026944.VV	8.22e-05	45	0	0	0	10367	Tolivirales	NA	NA	PF08398	Phospholipase A2-like domain
CP133956.1|provirus_955770_1007360_940	995700	995987	288	1	0.274	11	AGxAGG/AGGxGG	NA	NA	NA	0	0	0	1	NA	NA	NA	NA	NA
CP133956.1|provirus_955770_1007360_941	996055	996243	189	1	0.397	11	AGGAGG	GENOMAD.222241.VP	1.697e-27	105	0	0	0	2561	Caudoviricetes	NA	NA	NA	NA
CP133956.1|provirus_955770_1007360_942	996851	997447	597	1	0.367	11	GGA/GAG/AGG	GENOMAD.221573.VC	2.202e-09	59	0	0	0	1	NA	NA	NA	COG0398	Uncharacterized membrane protein YdjX, TVP38/TMEM64 family, SNARE-associated domain
CP133956.1|provirus_955770_1007360_943	997494	998288	795	-1	0.361	11	AGGAGG	NA	NA	NA	0	0	0	1	NA	NA	NA	NA	NA
CP133956.1|provirus_955770_1007360_944	998298	998996	699	-1	0.379	11	AGGAGG	NA	NA	NA	0	0	0	1	NA	NA	NA	NA	NA
CP133956.1|provirus_955770_1007360_945	998996	999367	372	-1	0.427	11	AGGAG	NA	NA	NA	0	0	0	1	NA	NA	NA	NA	NA
CP133956.1|provirus_955770_1007360_946	999609	1002719	3111	1	0.417	11	AGGAG	GENOMAD.085077.VV	8.632e-43	174	0	0	0	2561	Caudoviricetes	NA	NA	COG0587	DNA polymerase III, alpha subunit
CP133956.1|provirus_955770_1007360_947	1002883	1004604	1722	1	0.410	11	None	NA	NA	NA	0	0	0	1	NA	NA	NA	NA	NA
CP133956.1|provirus_955770_1007360_948	1004783	1005796	1014	1	0.466	11	AGGAG	NA	NA	NA	0	0	0	1	NA	NA	NA	NA	NA
CP133956.1|provirus_955770_1007360_949	1005858	1007360	1503	1	0.421	11	AGGA/GGAG/GAGG	NA	NA	NA	0	0	0	1	NA	NA	NA	NA	NA
